id,source_rel,source_ext,output_rel,status,output_size,source_sha256,output_sha256
1,01_phap_quy/001_Bo_luat_Dan_su_91-2015-QH13.pdf,.pdf,01_phap_quy/001_Bo_luat_Dan_su_91-2015-QH13.docx,converted_pdf_text_layout,130974,b8703906de3ae5149335b00aba17d02eca1b6f408b6308de51d1d920420ff603,82560652a4b514439b2b10977494814f53ede59b5ad5221a50944bdbc6c858ee
2,01_phap_quy/002_Bo_luat_Lao_dong_45-2019-QH14.pdf,.pdf,01_phap_quy/002_Bo_luat_Lao_dong_45-2019-QH14.docx,converted_pdf_text_layout,36980,a0c0fcc3b9e040bcdcab70191f0ab95952183be94a6f5bc6424e8d3e85697139,ea26473b313f8db310d461ba9471d1548d284956ba2ec2bc8dcd473aae054c27
3,01_phap_quy/003_Luat_Doanh_nghiep_59-2020-QH14.pdf,.pdf,01_phap_quy/003_Luat_Doanh_nghiep_59-2020-QH14.docx,converted_pdf_text_layout,116194,909d1da77ead7b5db5e4c3ddcae5e9aeb74405af75ed5a56c30eb7a24ca39060,1b4dc67eabf8b42883c9a1ec3774b8e352f0201ca46bf055fac951b364f623fc
4,01_phap_quy/004_Luat_Dau_tu_61-2020-QH14_EN.pdf,.pdf,01_phap_quy/004_Luat_Dau_tu_61-2020-QH14_EN.docx,converted_pdf_text_layout,78416,2ab375abcfd1080e6a06609740225352ca1f6497cbb50aa808df56c9ad859a08,047397a8c990474a90ee364f15676ee1bfcb184596da8a6102803630fc35ac3f
5,01_phap_quy/005_Luat_Dau_thau_22-2023-QH15_EN.pdf,.pdf,01_phap_quy/005_Luat_Dau_thau_22-2023-QH15_EN.docx,converted_pdf_text_layout,90235,7639a1046fe094a03103b8974e95112f84709533106e9b80cbcffd0fdec0b945,018430088775cb635b7c23413d59dd2e39d0dc79f0f101be437b85cfb828a289
6,01_phap_quy/006_Luat_Dat_dai_31-2024-QH15.pdf,.pdf,01_phap_quy/006_Luat_Dat_dai_31-2024-QH15.docx,converted_pdf_text_layout,84142,2558044082ee768192a311aee548eb9fae4daada546013aa5181eb91c8842637,8eb21e8c77ce1d0fac418fcbb6a80cc3610d068cd78452720c5246cd13ab4763
7,01_phap_quy/007_Luat_Nha_o_27-2023-QH15.pdf,.pdf,01_phap_quy/007_Luat_Nha_o_27-2023-QH15.docx,converted_pdf_text_layout,88223,c647b16e5570e74ade61f6fc23128f8d878a81d979753f95160579cb5a3fb907,775a8c1ac3f8228a7655a36fd6f2b8a57a152392114ce99b723c276706e0a2b1
8,01_phap_quy/008_Luat_Kinh_doanh_BDS_29-2023-QH15.pdf,.pdf,01_phap_quy/008_Luat_Kinh_doanh_BDS_29-2023-QH15.docx,converted_pdf_text_layout,70010,a4399dc8e26063d753ecdf96e5833cfb573ad9265c3e74ab86e3e6f51ce00063,5cf7f71f34a2890635b38cd7be913abfe82b0c9f00262ad40b79fd3cb0ee7a02
9,01_phap_quy/009_Luat_Giao_dich_dien_tu_20-2023-QH15.pdf,.pdf,01_phap_quy/009_Luat_Giao_dich_dien_tu_20-2023-QH15.docx,converted_pdf_text_layout,53423,2458d01d6453cd11ab7aaddbae36e988110754bcb53a59eda729987a63882914,d9cee5d1149cd4d4ddd559f156d866fe9f15107f342eb74cd32920e59487ca11
10,01_phap_quy/010_Luat_An_ninh_mang_24-2018-QH14.pdf,.pdf,01_phap_quy/010_Luat_An_ninh_mang_24-2018-QH14.docx,converted_pdf_text_layout,54371,7ba6b742325359b442b4e5a7a905defba286eedb39210f59a1d8983d3d916a4a,17a80ab271b5b6e190673a297d1575bae0e85d0a33df22a1d9cc5a710079b13d
11,01_phap_quy/011_Luat_An_toan_thong_tin_mang_86-2015-QH13.pdf,.pdf,01_phap_quy/011_Luat_An_toan_thong_tin_mang_86-2015-QH13.docx,warning_empty_pdf_text,36832,ac6ab85b9eea4f81379573fdd85ef3e3651d458f382ad9da809191d04df593b3,ab2245a49c84441cd8419459ccc0f7e276d4fda4c0b18c256d2d929598f3402c
12,01_phap_quy/012_Luat_Ke_toan_hop_nhat_2026.pdf,.pdf,01_phap_quy/012_Luat_Ke_toan_hop_nhat_2026.docx,converted_pdf_text_layout,61888,03c86fc385f17dd102550f5dcf4c82df5904bad30cbd73bb38a7058fa716abc9,519f24b364b5e003369c33f035179e7899d9e4a63720dc119adb9a83299db461
13,01_phap_quy/013_Luat_Quan_ly_thue_38-2019-QH14.pdf,.pdf,01_phap_quy/013_Luat_Quan_ly_thue_38-2019-QH14.docx,converted_pdf_text_layout,87657,8a00ab6884660c28f8794f0058475b8e43f7ba377819b7f6362b9785206917ed,d684386450f587444c775dfeeb72ad576046bfd780e9ced77c638e7dc8132767
14,01_phap_quy/014_Luat_Chung_khoan_54-2019-QH14.pdf,.pdf,01_phap_quy/014_Luat_Chung_khoan_54-2019-QH14.docx,converted_pdf_text_layout,36983,ab61112793d0b09aee980543ec1003049fe23c794a5fff5e2475e9104b7b7a99,732aba1c3d8e493bb14163c4a2214c9a3a369316bf6ef5b6c8b384a27e30a3e1
15,01_phap_quy/015_Luat_Cac_to_chuc_tin_dung_32-2024-QH15.pdf,.pdf,01_phap_quy/015_Luat_Cac_to_chuc_tin_dung_32-2024-QH15.docx,converted_pdf_text_layout,103362,3b65217f835653754346d5a348cca13b2dc43396c089e9da443b05f58de9cc32,306fc73956dcd2465977577627078c341c5b651ae3661d4a70813ce2b567a1b4
16,01_phap_quy/016_ND_13-2023_Bao_ve_du_lieu_ca_nhan.pdf,.pdf,01_phap_quy/016_ND_13-2023_Bao_ve_du_lieu_ca_nhan.docx,warning_empty_pdf_text,36828,1b7739edaf16bfe3acd35a7a31dfe2786e134f7f63e6f0c06800f212846943a6,afb184f958b0f605f224fe9f22e36d611d9198c7bc4c5c96a632784474468f17
17,01_phap_quy/017_ND_123-2020_Hoa_don_chung_tu.pdf,.pdf,01_phap_quy/017_ND_123-2020_Hoa_don_chung_tu.docx,converted_pdf_text_layout,99226,cd567da7976beb9fea822c075fa147f5d4d16ba02c4b4c57eac05255a3ba1145,f31c470be4f5be8015e4c02b5e0a042efde62c9df933ab97b753a4c21e8bfa6c
18,01_phap_quy/018_ND_70-2025_Sua_doi_hoa_don_EN.pdf,.pdf,01_phap_quy/018_ND_70-2025_Sua_doi_hoa_don_EN.docx,converted_pdf_text_layout,71328,ad5341014c32e933efcec17a434f3d9c7bea50d9f031b6ad077bb6b7bbbf3ec7,02bc5d1edd9603bb7d68698e3c5af19cce3fb370856ce208afd53a8c0394fc06
19,01_phap_quy/019_TT_200-2014_Che_do_ke_toan_DN.pdf,.pdf,01_phap_quy/019_TT_200-2014_Che_do_ke_toan_DN.docx,converted_pdf_text_layout,298080,6173038de76a842c0fed697f70f3bf109d45566dbfda014ab984d1930533e44c,208e08aef942f403244b793e24776447b5d96b787ebb1cb3e33b32bf6ba777a0
20,01_phap_quy/020_TT_133-2016_Che_do_ke_toan_SME.pdf,.pdf,01_phap_quy/020_TT_133-2016_Che_do_ke_toan_SME.docx,converted_pdf_text_layout,224395,a5ffc1ae33f1db83f5934c950b4a1daa22ed182be44560ea9bc8882fb4fb4bda,d622a08f78343d4749815b02319b77c0d90718109552645738bf05eacca42ff6
21,01_phap_quy/021_TT_78-2021_Hoa_don_dien_tu.pdf,.pdf,01_phap_quy/021_TT_78-2021_Hoa_don_dien_tu.docx,converted_pdf_text_layout,53871,1447272076823c6450966e3f2119f03f5441b9a787763139004a7acb070a7c8c,da2c1041caf3cb1c9d5b9996924662689307011f08d7cf615eef91aa319a156c
22,01_phap_quy/022_ND_01-2021_Dang_ky_doanh_nghiep.pdf,.pdf,01_phap_quy/022_ND_01-2021_Dang_ky_doanh_nghiep.docx,converted_pdf_text_layout,36978,e1aa335ec9f845e127c4f0000fd2efda1972fe51362dc632c0b9fb0005c2477c,728d91537fa28aeb32b6c3ef04ebca29d1ea05271ab22b974dd49cbb26fce037
23,01_phap_quy/023_ND_23-2015_Chung_thuc.pdf,.pdf,01_phap_quy/023_ND_23-2015_Chung_thuc.docx,converted_pdf_text_layout,36957,762b29b5c61411349d08858bba9eb3be3f417f00dc02a4c4179ca8400ec006a8,7fd54b5fa483a514fec43f7488a6b82d8e1065c2a67fe40a4a33b63d24e22665
24,01_phap_quy/024_ND_15-2020_Xu_phat_BC_VT_CNTT.pdf,.pdf,01_phap_quy/024_ND_15-2020_Xu_phat_BC_VT_CNTT.docx,converted_pdf_text_layout,101153,c3e1e732d195f7b6d3d931360babaab49e18ea26d91dd4dfff6d18c0724aef41,dfa9614ff371ff2302c2ed9a352e6115b7d56a9fd76d02dbc1a33250792d0ff5
25,01_phap_quy/025_ND_47-2020_Chia_se_du_lieu_so.doc,.doc,01_phap_quy/025_ND_47-2020_Chia_se_du_lieu_so.docx,converted_doc_text,55665,128e10058b6648a316c864c49c4a4015098b6b4dad07c4ea95996a50bf5b5004,b145e31a58e76cad1c77967c639884d1c566020d344d725ca145fafb5de86878
26,02_hop_dong_mua_sam/026_WB_RFB_Goods_One_Envelope_2017.docx,.docx,02_hop_dong_mua_sam/026_WB_RFB_Goods_One_Envelope_2017.docx,copied_existing_docx,325547,351549da7a8b9256e73ddbc8940419f5624296521820b91745bf6448ef141765,351549da7a8b9256e73ddbc8940419f5624296521820b91745bf6448ef141765
27,02_hop_dong_mua_sam/027_WB_RFB_NonConsulting_2021.docx,.docx,02_hop_dong_mua_sam/027_WB_RFB_NonConsulting_2021.docx,copied_existing_docx,331502,b5744019f84038d82241c57b172d1d462e8899a9bc32e8a1a4d7b36d8fa8f272,b5744019f84038d82241c57b172d1d462e8899a9bc32e8a1a4d7b36d8fa8f272
28,02_hop_dong_mua_sam/028_WB_RFB_Works_Without_Prequal_2017.pdf,.pdf,02_hop_dong_mua_sam/028_WB_RFB_Works_Without_Prequal_2017.docx,converted_pdf_text_layout,210268,2dea390e45f4c07bc90d834be616cdbfc804db8c42e90b506d87bca037b29027,75b3c1006b77eb36c6270498214e73e83ece3c24083e7527556d5a7ea6afa5c2
29,02_hop_dong_mua_sam/029_WB_RFP_Works_DesignBuild_2021.pdf,.pdf,02_hop_dong_mua_sam/029_WB_RFP_Works_DesignBuild_2021.docx,converted_pdf_text_layout,166862,08f459b8083249824a7fced5edf9bcde2faebd9d56c1456d6a0381a717f0994c,bc34e1efdfde7e8c7e1c85a3c102f8ee1d751ac59bcf9c945af32ff4fc2dffb2
30,02_hop_dong_mua_sam/030_WB_RFP_Consulting_Services_2019.pdf,.pdf,02_hop_dong_mua_sam/030_WB_RFP_Consulting_Services_2019.docx,converted_pdf_text_layout,158045,ac762b334e9285a32bcf9cefb707a84e0033439275ad5c11285bb08d684af5da,f0aa49a5a62d5c2d59cd1d721695c2a55d6690d79d351af639fbd1c16aa8535c
31,02_hop_dong_mua_sam/031_WB_Framework_Agreement_Consulting_2025.docx,.docx,02_hop_dong_mua_sam/031_WB_Framework_Agreement_Consulting_2025.docx,copied_existing_docx,438079,0a8637b1afb059e6048c9da706c1ac419ceaea18fde37965791430c5f68f66da,0a8637b1afb059e6048c9da706c1ac419ceaea18fde37965791430c5f68f66da
32,02_hop_dong_mua_sam/032_WB_Plant_TwoStage_2020.pdf,.pdf,02_hop_dong_mua_sam/032_WB_Plant_TwoStage_2020.docx,converted_pdf_text_layout,206818,5c9fe5ebe4a283233cfb1fb2438b87d7d7ea209062ce9d49db79c52d3183223c,fb4ffac2393f89f2c2ecf17e75b468f54292cc711ebc6ed2333f426a9f613265
33,02_hop_dong_mua_sam/033_WB_EPC_Turnkey_TwoStage_2025.docx,.docx,02_hop_dong_mua_sam/033_WB_EPC_Turnkey_TwoStage_2025.docx,copied_existing_docx,523024,5abbe28669f6722072f19bc74ce0a0465eac4e9bd9e32a71efac705a77d447e7,5abbe28669f6722072f19bc74ce0a0465eac4e9bd9e32a71efac705a77d447e7
34,02_hop_dong_mua_sam/034_WB_Plant_Without_Prequal_2016.pdf,.pdf,02_hop_dong_mua_sam/034_WB_Plant_Without_Prequal_2016.docx,converted_pdf_text_layout,175179,ac8bba6f592e5f76a6f2908a7b7b23475de58cdab5f23660722087c26d4464ba,70237a8acd58013f4812af234b53fd6c500c85a446f1d2c8fc2da72b791fb231
35,02_hop_dong_mua_sam/035_WB_EPC_Turnkey_SingleStage_2021.pdf,.pdf,02_hop_dong_mua_sam/035_WB_EPC_Turnkey_SingleStage_2021.docx,converted_pdf_text_layout,162606,28090cb67afeaafe2e9bb41c67daf478de5ab8040ae83bd619b79f76b41e4620,a91d0905e5321e660349c19ae4b5334a79844a21db0b593fba86221965fc1960
36,02_hop_dong_mua_sam/036_WB_Plant_SingleStage_2025.docx,.docx,02_hop_dong_mua_sam/036_WB_Plant_SingleStage_2025.docx,copied_existing_docx,518365,be8f4e037fb609cb21e8ed22d4b3c6a17ea47598860876d734367ea0a5531cb6,be8f4e037fb609cb21e8ed22d4b3c6a17ea47598860876d734367ea0a5531cb6
37,02_hop_dong_mua_sam/037_WB_Plant_TwoStage_2025.docx,.docx,02_hop_dong_mua_sam/037_WB_Plant_TwoStage_2025.docx,copied_existing_docx,529112,9481f514cc8c4e9f09f4b394ecb260a1a5b8ef1bc09233e4d8f4b15fb2e09bab,9481f514cc8c4e9f09f4b394ecb260a1a5b8ef1bc09233e4d8f4b15fb2e09bab
38,02_hop_dong_mua_sam/038_WB_Works_DB_SingleStage_NoSEASH_2025.docx,.docx,02_hop_dong_mua_sam/038_WB_Works_DB_SingleStage_NoSEASH_2025.docx,copied_existing_docx,466757,ac85908c86aa5b37d40b60d514229d546f61a20bc966f32cf0ad08f9de2798e1,ac85908c86aa5b37d40b60d514229d546f61a20bc966f32cf0ad08f9de2798e1
39,02_hop_dong_mua_sam/039_WB_EPC_Turnkey_SingleStage_2025.docx,.docx,02_hop_dong_mua_sam/039_WB_EPC_Turnkey_SingleStage_2025.docx,copied_existing_docx,496463,fcd9f54dac7ce89c0281acce063cd5713ae44d4b782b4770ed084286a590a221,fcd9f54dac7ce89c0281acce063cd5713ae44d4b782b4770ed084286a590a221
40,02_hop_dong_mua_sam/040_WB_Works_DB_SingleStage_2023.docx,.docx,02_hop_dong_mua_sam/040_WB_Works_DB_SingleStage_2023.docx,copied_existing_docx,475570,10489781a06acf5ef66e3213ec2f0dbd38755a0ad9380f0f2777c9ee1214fb81,10489781a06acf5ef66e3213ec2f0dbd38755a0ad9380f0f2777c9ee1214fb81
41,03_tai_chinh_ke_toan/041_IBRD_Financial_Statements_June_2025.pdf,.pdf,03_tai_chinh_ke_toan/041_IBRD_Financial_Statements_June_2025.docx,converted_pdf_text_layout,182310,bcd55336b6f98b6e887a4d9392b53495057744c51a5e2052bf1aeb78df07dc38,520f293d816191793b850236967c33af4395e9a7de967c88053b29383ecfe58d
42,03_tai_chinh_ke_toan/042_IDA_Financial_Statements_June_2025.pdf,.pdf,03_tai_chinh_ke_toan/042_IDA_Financial_Statements_June_2025.docx,converted_pdf_text_layout,153462,21a847d94cd8651df41e260f4c6ddadb7c2a176255dbb87052945fc450d9fabf,c56b2709c9e7f5dd6930d518f83c6449033cc5fc47480010c01810d7da609fd3
43,03_tai_chinh_ke_toan/043_IBRD_Financial_Statements_June_2024.pdf,.pdf,03_tai_chinh_ke_toan/043_IBRD_Financial_Statements_June_2024.docx,converted_pdf_text_layout,175451,fcde4a9909030c8c059ccf81c1c0c1a7c0b46af79967c0fea79d5a8fc5430c68,9314fb406db8df6c72fd6fe61808c7b8ebb2e5b8a7f674af5be8669b4e986e4a
44,03_tai_chinh_ke_toan/044_IDA_Financial_Statements_June_2024.pdf,.pdf,03_tai_chinh_ke_toan/044_IDA_Financial_Statements_June_2024.docx,converted_pdf_text_layout,146180,55dee9b16b5616109ba186bb0a4d83632e24d06d5a00beab80b82ca59b3b0d6b,f7076a3687cb2f1dd68b6b47b0f55150491e03fd2c4f84628591c6b8c6451ae9
45,03_tai_chinh_ke_toan/045_IBRD_Financial_Statements_June_2023.pdf,.pdf,03_tai_chinh_ke_toan/045_IBRD_Financial_Statements_June_2023.docx,converted_pdf_text_layout,176868,7ed6e6d9e1ac3b174b8ed3dc7be2a28bbf48be52df276c2546919b20c682fda6,b5fcfed40bc21582cb5c280c3039504458e8eb59dcefc65f904f3f5d68fdf60e
46,03_tai_chinh_ke_toan/046_IBRD_Financial_Statements_September_2024.pdf,.pdf,03_tai_chinh_ke_toan/046_IBRD_Financial_Statements_September_2024.docx,converted_pdf_text_layout,89412,82de685967f40fcda7ed172b989a2f504f94e74ccd723bce6954fa23983dae0c,67e2c27ad4ba91a42274aa9036e6d6f00a89075f14cf21d26ecd757b0667931a
47,03_tai_chinh_ke_toan/047_IBRD_Financial_Statements_December_2024.pdf,.pdf,03_tai_chinh_ke_toan/047_IBRD_Financial_Statements_December_2024.docx,converted_pdf_text_layout,92967,cb4ab23e3170f2824a2c7656d97c130fdd8de5010e1c2b69f210ef37e255918f,ae9df528b15cdeceb40690873f45222c8296fc72bb261973724ba84b0ad06fde
48,03_tai_chinh_ke_toan/048_IBRD_Financial_Statements_March_2025.pdf,.pdf,03_tai_chinh_ke_toan/048_IBRD_Financial_Statements_March_2025.docx,converted_pdf_text_layout,93378,08af1ba4ddb0adab18a838cb63a5daddf70d2dbf8f731b7b78ba1049bfc3ba12,4e316b406948d95687d0dfa56b92abd91e913ce1b89110ce2c893572ccce6595
49,03_tai_chinh_ke_toan/049_IDA_Financial_Statements_September_2024.pdf,.pdf,03_tai_chinh_ke_toan/049_IDA_Financial_Statements_September_2024.docx,converted_pdf_text_layout,83475,d8a58945a6bfea431724b24118af6adfdf63502d1f32db8d103b62530420a60a,dde02e4f8b4127cf0c93b4531a370e10c6d72bf56353fe766f15de60d51cb0ea
50,03_tai_chinh_ke_toan/050_IDA_Financial_Statements_March_2025.pdf,.pdf,03_tai_chinh_ke_toan/050_IDA_Financial_Statements_March_2025.docx,converted_pdf_text_layout,85197,a07844b6665da03ef55abb7a0cb6e069d99f7135e5b459619525690f583749e8,323cfb0d542a5c6b568b25d4af753d957b996748ee8b74a51f79ac981fb9458d
51,03_tai_chinh_ke_toan/051_WBG_Trust_Fund_FIS_June_2024.pdf,.pdf,03_tai_chinh_ke_toan/051_WBG_Trust_Fund_FIS_June_2024.docx,converted_pdf_text_layout,49094,7fd684159939651921105dcc478b4cc145bac8e7810b4ee7b83f15aec7fa0622,a4977d98f47da7c7635675f91ff2027d85a1839abbee3a7bc5565c1f01a4b78e
52,03_tai_chinh_ke_toan/052_WBG_Trust_Fund_FIS_December_2025.pdf,.pdf,03_tai_chinh_ke_toan/052_WBG_Trust_Fund_FIS_December_2025.docx,converted_pdf_text_layout,51398,d7c67695b3c90f38bce7e5b970a9fe22ffb94667a06757020968be89b8299ab3,e39dcd4d239b611f9d8860cbe94e26814b69a137cfc279361ab20134ea753001
53,03_tai_chinh_ke_toan/053_IDA_Information_Statement_FY25.pdf,.pdf,03_tai_chinh_ke_toan/053_IDA_Information_Statement_FY25.docx,converted_pdf_text_layout,168708,6d3cd46d6297031fd3fd4c2afd066f8d947f18d55ef1418a185e5ef9e0a344da,dc112bfd387fcb450fa1f250714752ed6a62d1e8b4ccc573a0f1e38102e08820
54,03_tai_chinh_ke_toan/054_IBRD_Information_Statement_FY25.pdf,.pdf,03_tai_chinh_ke_toan/054_IBRD_Information_Statement_FY25.docx,converted_pdf_text_layout,196934,02c949f22700a2ba84c0f9719c8c2e9d1ffff407cc5d21c89d34bc660cd480ac,c80cdd497568a095a5ccca99e39654b75c1fb9745647e00595c8c150f8093ea6
55,03_tai_chinh_ke_toan/055_IDA_External_Review_FY25.pdf,.pdf,03_tai_chinh_ke_toan/055_IDA_External_Review_FY25.docx,converted_pdf_text_layout,112991,3b9d4317f2e8ca32ff9288d5f7c653fefd7231d5656a5b8a996be656b1dee455,ee8dd89303356a1be1e33e3cc397b475c6b69adc49301b59047453307dd245e2
56,04_giao_trinh/056_OpenStax_Business_Law_I_Essentials.pdf,.pdf,04_giao_trinh/056_OpenStax_Business_Law_I_Essentials.docx,converted_pdf_text_layout,178230,c56eef123fd5699ef7fac923394687c34cb46f349bad0b0f5f59b2106bc303bc,49ba398c7509256ff171572ec459b23f8e213cdb8359fd976396f0d77917f117
57,04_giao_trinh/057_Quantitative_Methods_in_Finance_Lecture_Notes.pdf,.pdf,04_giao_trinh/057_Quantitative_Methods_in_Finance_Lecture_Notes.docx,converted_pdf_text_layout,481529,70b83a17627c35408ff240cb3a7395b0c110b5658c1f3022ca2df2199446c319,ca405586608a7c68801f3c055dddcd0ffe818ad16365ee1304e03e5d02fdd168
58,04_giao_trinh/058_Machine_Learning_Lecture_Note.pdf,.pdf,04_giao_trinh/058_Machine_Learning_Lecture_Note.docx,converted_pdf_text_layout,135957,628d11b525be857169de3a11606570e6fc8e9fc74918a26c564ecc6745cb5247,c04e127c25828a1ea3f8c7f6fe847075d110de17d9b9156f0e78157c2d653c9d
59,04_giao_trinh/059_Lectures_on_Statistics_in_Theory.pdf,.pdf,04_giao_trinh/059_Lectures_on_Statistics_in_Theory.docx,converted_pdf_text_layout,128618,e9f1108b4f1786185323de5aa0dca73bf538e9c556450118f724bc98e4bd20e3,ae1f24692b0bfc03e88b04783d4121bbce43d241da76d4da4df5657df5813431
60,04_giao_trinh/060_Elements_of_Linear_Algebra_Lecture_Notes.pdf,.pdf,04_giao_trinh/060_Elements_of_Linear_Algebra_Lecture_Notes.docx,converted_pdf_text_layout,73996,b3bdfbece3c9df4409ac2012569553ac332dd35a6ca759571c0d74c9d06ccdb2,3b0b10d1cc5cb9b27987b37fb18cc9cebcfa2eb0cc585ad8687ad9c5203996cd
61,04_giao_trinh/061_Introduction_to_Business_Mathematics.pdf,.pdf,04_giao_trinh/061_Introduction_to_Business_Mathematics.docx,converted_pdf_text_layout,96483,f1a65a8b9718f37750aad4b7d683abfeef7927d2b03c72f636526c5188b96e9d,6006683cbd27298aff9df6fc4c3151408b18172b0088f3a56249ebe135d968c5
62,04_giao_trinh/062_Lectures_on_Probability_Theory.pdf,.pdf,04_giao_trinh/062_Lectures_on_Probability_Theory.docx,converted_pdf_text_layout,168932,a4811a78083161a64930d6c9061fa0cb54fa7135d15f6fd3bfa443c875d77d8f,4238f9ea0efe26ab8c4fc288d9b9e2c0e8631b78a29f8efd5aa696dee3caa98e
63,04_giao_trinh/063_Advanced_Linear_Algebra.pdf,.pdf,04_giao_trinh/063_Advanced_Linear_Algebra.docx,converted_pdf_text_layout,310875,063078807adcaab114c0e521d2e937231f7537ee90b61e37eadb7f1e4e5d56ac,6435398f6870ec8f6361fbe87c5e9251f2fdef80faa83722b4069a4c4d91066f
64,04_giao_trinh/064_Machine_Learning_with_Neural_Networks.pdf,.pdf,04_giao_trinh/064_Machine_Learning_with_Neural_Networks.docx,converted_pdf_text_layout,215257,1488210d01f56e8a1fcc21e6a5bf2dbd0b4d84e2cac016a3cee02895f4f69053,504a399645c123c7b4524d56c69b309532605e839cef08633c228984146451c2
65,04_giao_trinh/065_Numerical_Linear_Algebra_Lecture_Notes.pdf,.pdf,04_giao_trinh/065_Numerical_Linear_Algebra_Lecture_Notes.docx,converted_pdf_text_layout,83005,c2dc84c4bde621e6c6560bfe14e6fc470dfd1bb9a9b26351571b35258d80aaea,100b5989cab08dff7f31ad33f26e6fad60cb8a32babf44be03f6ee3364c8dd40
66,04_giao_trinh/066_Linear_Neural_Networks_Lecture_Notes.pdf,.pdf,04_giao_trinh/066_Linear_Neural_Networks_Lecture_Notes.docx,converted_pdf_text_layout,66610,c55aa549c50d9e0002e51c69eb39c39db71fe335c089d9a473a1a069210f5a5a,de4ee1eaa2ba99e5897cfd53da9115500551416aed8449c699c8de1f766249a2
67,04_giao_trinh/067_Algorithms_for_Massive_Data_Lecture_Notes.pdf,.pdf,04_giao_trinh/067_Algorithms_for_Massive_Data_Lecture_Notes.docx,converted_pdf_text_layout,162419,810f3313d2aa43c53390de8b776d810856d9dbc1d5066fde1600b59530ba9d6f,fc1b0dfbca6b84fa977d9e88fbbbe8a9093e6e737c1d662c0f2cdb020c39116e
68,04_giao_trinh/068_SDEs_for_Finance_Course_Notes.pdf,.pdf,04_giao_trinh/068_SDEs_for_Finance_Course_Notes.docx,converted_pdf_text_layout,99354,f598bef9d41c5401a9248f806c4dc36e0e20dec51d99ed280fd8a9e4a74a8839,3fae3fe7caa2bf20ee45cd61216089120c31164e997677c7776bbcbc9de38f6e
69,04_giao_trinh/069_Course_in_Dynamic_Optimization.pdf,.pdf,04_giao_trinh/069_Course_in_Dynamic_Optimization.docx,converted_pdf_text_layout,122954,0106d65c6a7bb9aa0f44e39526946ca9e432d42fe9379d76fd57d1d8df903498,9341be453e076f682b02c9934e8e5978efc4f3547ecc2cf20ceddc4b45706745
70,04_giao_trinh/070_Lectures_on_Optimization_Yale.pdf,.pdf,04_giao_trinh/070_Lectures_on_Optimization_Yale.docx,converted_pdf_text_layout,159310,9e28afeacb0121b79691fadc6af9c145ccd787bffd2cf9c3f2310806112e644b,5e0b39d123e0d1f31c2372fb93f1d1680d60d13f6660e9510daeb2907788a13a
71,05_bien_ban_hop/071_ICP_IACG_Minutes_Oct_2025.pdf,.pdf,05_bien_ban_hop/071_ICP_IACG_Minutes_Oct_2025.docx,converted_pdf_text_layout,65114,fe99f544b10e690812acb1362c067c520968a7e1d2cddc232c24db2d3ba790e4,1d60ab4feed1747e3d387c5ed65f5b914419fc8ffd4808eb2fbff32d4adc5864
72,05_bien_ban_hop/072_ICP_TAG_Minutes_Mar_2025.pdf,.pdf,05_bien_ban_hop/072_ICP_TAG_Minutes_Mar_2025.docx,converted_pdf_text_layout,55354,a005f25e3bb9754cd6c8c7000682d00eb68238fb8937d3475fe807ffbbd94b61,8c970b9d743fb82d70948d2789310a69be7ba3226e689c13627513d97aa19fd0
73,05_bien_ban_hop/073_FORTIS_GC_Minutes_Mar_2026.pdf,.pdf,05_bien_ban_hop/073_FORTIS_GC_Minutes_Mar_2026.docx,converted_pdf_text_layout,38530,e73ab5ca9d4d9f101e2f2b2d5f169cbf67e331bde84726860619c00473bf5da3,26198ff13fba87ac65c0107ef949793584e91652c45b081834cc2b5cfa7ca9e9
74,05_bien_ban_hop/074_FORTIS_GC_Minutes_Nov27_2024.pdf,.pdf,05_bien_ban_hop/074_FORTIS_GC_Minutes_Nov27_2024.docx,converted_pdf_text_layout,38064,a72ce980c23f00196a257f63cf140edf700104f03fdd7fcfbd2d30d2c9f1eee8,805bdc637a89a7f361fdc36f65c663afe141a1122199495918a3faa6cdf40f2f
75,05_bien_ban_hop/075_FORTIS_GC_Minutes_Nov21_2024.pdf,.pdf,05_bien_ban_hop/075_FORTIS_GC_Minutes_Nov21_2024.docx,converted_pdf_text_layout,40602,c48a9e9ac95820685c48def8b91df697484f81996cb6c4094234ed6c8319afc3,2766ead119a4d40579e43aa9eb8447d86d418d09c604da89f2603ff167f387cb
76,05_bien_ban_hop/076_ICP_IACG08_Minutes_2023.pdf,.pdf,05_bien_ban_hop/076_ICP_IACG08_Minutes_2023.docx,converted_pdf_text_layout,49460,7111a6c40710d148c9a9f7caea6da8e5e5cf0b708d374c68f656a7e6f60a788b,92a601e64c9856910154d797ad9b7e8fec13dd055e02d3e567ef0f908e9e1d1a
77,05_bien_ban_hop/077_ICP_TAG_Minutes_Nov_2023.pdf,.pdf,05_bien_ban_hop/077_ICP_TAG_Minutes_Nov_2023.docx,converted_pdf_text_layout,49863,6db97b728d016a875fdc3187ee54632fd9de0b93f1bc65e903bc5c1c8825f9c3,ff874244fc2834274a5e31bf345272bd7a09bb611c726cecc6d4f689da1f938c
78,05_bien_ban_hop/078_ICP_IACG07_Minutes_May_2023.pdf,.pdf,05_bien_ban_hop/078_ICP_IACG07_Minutes_May_2023.docx,converted_pdf_text_layout,48557,c3080d4d0c681aed636c860268eccc37b7ca0f0d2c9645f2469823e83ed92168,9e1c0339864feb9e7070e837ad58ea85ac972edffcd0f973f404663c53cfe322
79,05_bien_ban_hop/079_ICP_TAG_Minutes_Apr_2024.pdf,.pdf,05_bien_ban_hop/079_ICP_TAG_Minutes_Apr_2024.docx,converted_pdf_text_layout,43640,68b7a89f3955e52e047f0741bbfc0d9581d508a74eff3ec40e08bbab69248d00,e352ee2c4edf22e9aa34620652d6e8e70e052a4a3387857be4182e90c907fe98
80,05_bien_ban_hop/080_ICP_Governing_Board_Minutes_Feb_2023.pdf,.pdf,05_bien_ban_hop/080_ICP_Governing_Board_Minutes_Feb_2023.docx,converted_pdf_text_layout,42004,2b1a4e73ce2df40e46446ff7a772b44284ba6bbcff9e02062f838b5498b4085f,e4eaf7a49023a6e19e5d05f7f92382d4f257b9efba1751886a90e967b77ea4ab
81,06_dich_song_ngu/081_Luat_Doanh_nghiep_2020_EN.pdf,.pdf,06_dich_song_ngu/081_Luat_Doanh_nghiep_2020_EN.docx,converted_pdf_text_layout,133065,aaa07d753ab59add123f3a50ebdd38f586552090b473348426809a328afccee8,d6c4060128c0cc20aa348328e04141e23d47b66a3e36ef20e269f8d8bb79492f
82,06_dich_song_ngu/082_Bo_luat_Lao_dong_2019_EN.docx,.docx,06_dich_song_ngu/082_Bo_luat_Lao_dong_2019_EN.docx,copied_existing_docx,91109,50c53006f6d41a7f58376435ceb11a83e8d8c7c7959c0f734ae8d9ffeb0141d7,50c53006f6d41a7f58376435ceb11a83e8d8c7c7959c0f734ae8d9ffeb0141d7
83,06_dich_song_ngu/083_Luat_An_ninh_mang_2018_EN.pdf,.pdf,06_dich_song_ngu/083_Luat_An_ninh_mang_2018_EN.docx,converted_pdf_text_layout,56394,30f921f155045d5adc04822d795b6fc4014b004d7763a59536bdb4467914ff62,e69c9b5435793370f7e73a01a1a3217f0b4c4206a81ced4735b8c64a0201e479
84,06_dich_song_ngu/084_Luat_Chung_khoan_2019_EN.doc,.doc,06_dich_song_ngu/084_Luat_Chung_khoan_2019_EN.docx,converted_doc_text,97676,5fc30d8bb1a753e673243a4b08d647b116ddab81d23a697f5b1057e84389d318,1e7b4408c4ffb11587f8f453ef6484fe193eeb51844ffa9279018323503e2117
85,06_dich_song_ngu/085_Luat_Nha_o_2023_EN.pdf,.pdf,06_dich_song_ngu/085_Luat_Nha_o_2023_EN.docx,converted_pdf_text_layout,131028,61762a372a48bc7474a1abee4850a1ae1ae49cb56cfb5dd0e034411892b8a30b,cf4866e47f028c68f17855df8640681bc12477fa1839aaa407f84d3731b1b8ce
86,06_dich_song_ngu/086_Luat_Dau_tu_2020_EN_alt.pdf,.pdf,06_dich_song_ngu/086_Luat_Dau_tu_2020_EN_alt.docx,converted_pdf_text_layout,79199,46c95bde68c1e38d7ca1ff88c2be9dea55252eaa7dff66578484a78d37437e26,e20b09b6f6b29c1b9c6c5ba2b42f60f2d6467df17afab70fcd83f5a41ea69f5d
87,06_dich_song_ngu/087_ND_53-2022_An_ninh_mang_EN.pdf,.pdf,06_dich_song_ngu/087_ND_53-2022_An_ninh_mang_EN.docx,converted_pdf_text_layout,58698,a603afb1c59c438e1d6e72a0bb5d78e3d367a16ce28fb0bdedbe60360a884d4d,9a6bfac05ec1b99cd0a7813ecaa75c964f3b317fc49e3e2a39722707bce2fc14
88,06_dich_song_ngu/088_ND_69-2018_Ngoai_thuong_EN.pdf,.pdf,06_dich_song_ngu/088_ND_69-2018_Ngoai_thuong_EN.docx,converted_pdf_text_layout,78632,85e261f79c5e9360f3ca15f32929705b6635d66348d258e25de4287905ffe385,1d2718d8d339e504415dc2ced1a8bf73e0372b96e147912b4fb35184b9aab4f3
89,06_dich_song_ngu/089_ND_195-2013_Luat_Xuat_ban_EN.pdf,.pdf,06_dich_song_ngu/089_ND_195-2013_Luat_Xuat_ban_EN.docx,converted_pdf_text_layout,48037,f4b72d1a206b89bda2b86e47c24109eba69605f906eb1fc276212480fd2410c5,f404b46f1f504df748c50b33b810e70eb2f605055ff94c579c76244c0984d736
90,06_dich_song_ngu/090_ND_155-2018_Sua_doi_Bo_Y_te_EN.pdf,.pdf,06_dich_song_ngu/090_ND_155-2018_Sua_doi_Bo_Y_te_EN.docx,converted_pdf_text_layout,73995,b1c648b8e97e629a3add667293b467a77f008603b389791633a3454aaa816644,42796630f25203b58cbd999a1c05d539210663b46251a3b54d6194541e2d14e0
91,07_system_generated/091_RFC9110_HTTP_Semantics.pdf,.pdf,07_system_generated/091_RFC9110_HTTP_Semantics.docx,converted_pdf_text_layout,192469,60b30efa1048900833d1758440247fe8ac85a3134f2327388dcb24e07d814c89,22aa9f044d506dd4b6545f5985f206d693ae14496ceb2e15d1f3a95fef2cff4c
92,07_system_generated/092_RFC9111_HTTP_Caching.pdf,.pdf,07_system_generated/092_RFC9111_HTTP_Caching.docx,converted_pdf_text_layout,63323,2663227a94ec8a81892a02f5697fc15c578571cdee96407adb5c60a60236c76f,e7bcaa9d38e25e7974194711f715d4599fcc66ba60c7534a02c6c87a5d1d572e
93,07_system_generated/093_RFC9112_HTTP_1_1.pdf,.pdf,07_system_generated/093_RFC9112_HTTP_1_1.docx,converted_pdf_text_layout,72665,b260bba790c2da55a7e0795f356fcd9b70743686c55250f0ef1cc993c4d1abac,257205251e42b28c3425052d6e1269330d40bd30fbf54a6d99436a133ad2e90c
94,07_system_generated/094_RFC9113_HTTP_2.pdf,.pdf,07_system_generated/094_RFC9113_HTTP_2.docx,converted_pdf_text_layout,94556,8314f1034854548baf26f9912f79c6207299cb0520b31ed25af64889bd1500bc,6c09f8c176eeb21d55da83f61ef372b3393927642a8e00452d2cba3ff91a5ad0
95,07_system_generated/095_RFC9114_HTTP_3.pdf,.pdf,07_system_generated/095_RFC9114_HTTP_3.docx,converted_pdf_text_layout,83042,ecc538dc3d8e9cb3f8d73c3c10189f91bdc7b81f80c570ce658760e5d6f5db84,6b4e7376bb41bc7732dbfad181f91b77aa1a3b6bc0e7c69c040a75e99dfb2bea
