"File","Paragraphs","NonEmpty","MaxParagraphChars","StyledOrOutline","LegalHeadingLike","Error"
"001_Bo_luat_Dan_su_91-2015-QH13.docx","2931","2631","979","0","736",
"002_Bo_luat_Lao_dong_45-2019-QH14.docx","166","1","144","0","0",
"003_Luat_Doanh_nghiep_59-2020-QH14.docx","2053","1821","1096","0","230",
"004_Luat_Dau_tu_61-2020-QH14_EN.docx","1047","890","648","0","0",
"005_Luat_Dau_thau_22-2023-QH15_EN.docx","1300","1112","1231","0","0",
"006_Luat_Dat_dai_31-2024-QH15.docx","1121","930","1003","0","107",
"007_Luat_Nha_o_27-2023-QH15.docx","1248","1057","1127","0","146",
"008_Luat_Kinh_doanh_BDS_29-2023-QH15.docx","870","733","1359","0","104",
"009_Luat_Giao_dich_dien_tu_20-2023-QH15.docx","407","342","995","0","67",
"010_Luat_An_ninh_mang_24-2018-QH14.docx","429","363","1364","0","50",
"011_Luat_An_toan_thong_tin_mang_86-2015-QH13.docx","55","0","0","0","0",
"012_Luat_Ke_toan_hop_nhat_2026.docx","601","522","1459","0","85",
"013_Luat_Quan_ly_thue_38-2019-QH14.docx","1177","1095","1112","0","170",
"014_Luat_Chung_khoan_54-2019-QH14.docx","186","1","144","0","0",
"015_Luat_Cac_to_chuc_tin_dung_32-2024-QH15.docx","1861","1651","1637","0","237",
"016_ND_13-2023_Bao_ve_du_lieu_ca_nhan.docx","73","0","0","0","0",
"017_ND_123-2020_Hoa_don_chung_tu.docx","1208","973","1451","0","75",
"018_ND_70-2025_Sua_doi_hoa_don_EN.docx","582","485","1582","0","0",
"019_TT_200-2014_Che_do_ke_toan_DN.docx","5650","4576","1924","0","114",
"020_TT_133-2016_Che_do_ke_toan_SME.docx","4286","3630","2434","0","111",
"021_TT_78-2021_Hoa_don_dien_tu.docx","297","227","1524","0","11",
"022_ND_01-2021_Dang_ky_doanh_nghiep.docx","170","1","146","0","0",
"023_ND_23-2015_Chung_thuc.docx","102","1","144","0","0",
"024_ND_15-2020_Xu_phat_BC_VT_CNTT.docx","1320","872","2300","0","141",
"028_WB_RFB_Works_Without_Prequal_2017.docx","3139","2370","1554","0","0",
"029_WB_RFP_Works_DesignBuild_2021.docx","2325","1688","2544","0","0",
"030_WB_RFP_Consulting_Services_2019.docx","1712","1204","3576","0","0",
"032_WB_Plant_TwoStage_2020.docx","3057","2407","5462","0","0",
"035_WB_EPC_Turnkey_SingleStage_2021.docx","1688","877","3728","0","0",
"041_IBRD_Financial_Statements_June_2025.docx","2257","1801","1511","0","0",
"042_IDA_Financial_Statements_June_2025.docx","1879","1523","1527","0","0",
"043_IBRD_Financial_Statements_June_2024.docx","2162","1799","1895","0","0",
"044_IDA_Financial_Statements_June_2024.docx","1714","1417","1774","0","0",
"046_IBRD_Financial_Statements_September_2024.docx","899","746","1418","0","0",
"047_IBRD_Financial_Statements_December_2024.docx","958","797","1418","0","0",
"048_IBRD_Financial_Statements_March_2025.docx","946","793","1355","0","0",
"049_IDA_Financial_Statements_September_2024.docx","872","711","1774","0","0",
"050_IDA_Financial_Statements_March_2025.docx","893","718","1783","0","0",
"051_WBG_Trust_Fund_FIS_June_2024.docx","286","199","1031","0","0",
"052_WBG_Trust_Fund_FIS_December_2025.docx","291","191","1027","0","0",
"053_IDA_Information_Statement_FY25.docx","1976","1641","1384","0","0",
"054_IBRD_Information_Statement_FY25.docx","2397","1957","2658","0","0",
"056_OpenStax_Business_Law_I_Essentials.docx","2248","1862","1762","0","0",
"058_Machine_Learning_Lecture_Note.docx","1498","1248","1086","0","0",
"059_Lectures_on_Statistics_in_Theory.docx","1467","1189","1567","0","0",
"060_Elements_of_Linear_Algebra_Lecture_Notes.docx","932","824","733","0","0",
"061_Introduction_to_Business_Mathematics.docx","1516","1274","1651","0","0",
"065_Numerical_Linear_Algebra_Lecture_Notes.docx","923","642","733","0","0",
"066_Linear_Neural_Networks_Lecture_Notes.docx","371","318","1962","0","0",
"069_Course_in_Dynamic_Optimization.docx","1765","1473","958","0","0",
"070_Lectures_on_Optimization_Yale.docx","2213","1619","780","0","0",
"071_ICP_IACG_Minutes_Oct_2025.docx","303","249","1391","0","0",
"072_ICP_TAG_Minutes_Mar_2025.docx","179","148","1292","0","0",
"073_FORTIS_GC_Minutes_Mar_2026.docx","23","18","745","0","0",
"074_FORTIS_GC_Minutes_Nov27_2024.docx","14","13","739","0","0",
"075_FORTIS_GC_Minutes_Nov21_2024.docx","46","39","1100","0","0",
"076_ICP_IACG08_Minutes_2023.docx","166","136","1277","0","0",
"077_ICP_TAG_Minutes_Nov_2023.docx","138","110","1463","0","0",
"078_ICP_IACG07_Minutes_May_2023.docx","128","102","1396","0","0",
"079_ICP_TAG_Minutes_Apr_2024.docx","104","87","1124","0","0",
"080_ICP_Governing_Board_Minutes_Feb_2023.docx","66","51","808","0","0",
"081_Luat_Doanh_nghiep_2020_EN.docx","2332","2026","1529","0","0",
"083_Luat_An_ninh_mang_2018_EN.docx","554","468","659","0","0",
"085_Luat_Nha_o_2023_EN.docx","2194","1925","1232","0","0",
"086_Luat_Dau_tu_2020_EN_alt.docx","1096","841","1033","0","0",
"087_ND_53-2022_An_ninh_mang_EN.docx","590","497","1134","0","0",
"088_ND_69-2018_Ngoai_thuong_EN.docx","873","665","637","0","0",
"089_ND_195-2013_Luat_Xuat_ban_EN.docx","285","244","648","0","0",
"090_ND_155-2018_Sua_doi_Bo_Y_te_EN.docx","1038","899","2113","0","0",
"091_RFC9110_HTTP_Semantics.docx","2332","654","798","0","0",
"092_RFC9111_HTTP_Caching.docx","409","147","346","0","0",
"093_RFC9112_HTTP_1_1.docx","505","129","347","0","0",
"094_RFC9113_HTTP_2.docx","1002","488","315","0","0",
"095_RFC9114_HTTP_3.docx","504","184","362","0","0",
